nL,nN,Loss average,Loss std,Acc average,Acc std
2,4,1.4279436657840268e-09,8.756876793477903e-11,2.768469444382419e-06,9.808882933448525e-08
