nL,nN,Loss average,Loss std,Acc average,Acc std
2,4,7.903984541743832e-11,4.1674963740310575e-11,2.996881340645453e-06,1.9925384162531998e-07
