nL,nN,Loss average,Loss std,Acc average,Acc std
2,8,3.1432619172964187e-10,6.05795561650131e-11,1.88822140957773e-09,2.4685462706839635e-10
