nL,nN,Loss average,Loss std,Acc average,Acc std
2,8,3.0013137356856664e-10,4.0464762125101075e-11,1.0694670781611037e-09,2.4662129039222256e-10
