nL,nN,Loss average,Loss std,Acc average,Acc std
2,8,5.183942480055413e-10,1.6176404012928528e-10,1.8261003479985298e-09,7.236345097267564e-10
