nL,nN,Loss average,Loss std,Acc average,Acc std
2,4,1.060724681670736e-06,3.731375965850288e-07,7.400366805150487e-07,2.492206198090813e-07
